Card Brand,Mean Credit Limit ($),Median Credit Limit ($),Std Dev ($),Min Credit Limit ($),Max Credit Limit ($)
Amex,11436.3184079602,10250.0,7198.848229995768,0.0,89900.0
Discover,10816.267942583732,9800.0,5703.686682665472,0.0,44200.0
Mastercard,14659.600186974136,13013.0,12590.756919655889,0.0,151223.0
Visa,14737.334909716252,12791.5,12167.863292165133,0.0,132439.0
